{"cameraMode":{"drawMode":0,"name":"Shaded","section":"Shading Mode"},"sceneLighting":true,"audioPlay":false,"sceneViewState":{"m_AlwaysRefresh":false,"showFog":true,"showSkybox":true,"showFlares":true,"showImageEffects":true,"showParticleSystems":true,"showVisualEffectGraphs":true,"m_FxEnabled":false},"in2DMode":false,"pivot":{"x":-16.044971466064454,"y":23.949440002441408,"z":-1.1126909255981446},"rotation":{"x":0.27490389347076418,"y":0.3310079276561737,"z":-0.10130982846021652,"w":0.8971043229103088},"size":10.101299285888672,"orthographic":true}