{"cameraMode":{"drawMode":0,"name":"Shaded","section":"Shading Mode"},"sceneLighting":true,"audioPlay":false,"sceneViewState":{"m_AlwaysRefresh":false,"showFog":true,"showSkybox":true,"showFlares":true,"showImageEffects":true,"showParticleSystems":true,"showVisualEffectGraphs":true,"m_FxEnabled":true},"in2DMode":false,"pivot":{"x":3.9512977600097658,"y":13.529918670654297,"z":17.751195907592775},"rotation":{"x":-0.007186048664152622,"y":0.03148743137717247,"z":0.00029160158010199666,"w":0.9995097517967224},"size":12.149099349975586,"orthographic":false}