{"cameraMode":{"drawMode":0,"name":"Shaded","section":"Shading Mode"},"sceneLighting":true,"audioPlay":false,"sceneViewState":{"m_AlwaysRefresh":false,"showFog":true,"showSkybox":true,"showFlares":true,"showImageEffects":true,"showParticleSystems":true,"showVisualEffectGraphs":true,"m_FxEnabled":true},"in2DMode":false,"pivot":{"x":10.69568157196045,"y":-9.167667388916016,"z":21.610000610351564},"rotation":{"x":0.027080591768026353,"y":-0.7017278671264648,"z":0.7114970684051514,"w":0.026806160807609559},"size":32.32984161376953,"orthographic":false}